measure,dimension,group,estimate_pct,se_pct,ci_low,ci_high,n,country
Budget share > 10%,Overall,All,7.391170374046789,0.1567202990157958,7.083998587975829,7.6983421601177495,61447,United States
Budget share > 10%,Insurance status,Insured all year,7.454348266843572,0.15856455914456474,7.143561730920226,7.7651348027669185,55173,United States
Budget share > 10%,Insurance status,Partly uninsured,6.62880120051588,0.6189010745218047,5.415755094453142,7.841847306578617,4282,United States
Budget share > 10%,Insurance status,Uninsured all year,7.216124051240056,0.7574309036886712,5.731559480010262,8.700688622469851,1992,United States
Budget share > 10%,Poverty category,Middle income,6.7953004589089625,0.23563574059537007,6.333454407342037,7.257146510475887,17402,United States
Budget share > 10%,Poverty category,Poor/negative,18.196107534515534,0.6141757256008876,16.992323112337793,19.39989195669327,8427,United States
Budget share > 10%,Poverty category,High income,3.064228701252672,0.13879728052157825,2.792186031430379,3.3362713710749654,23338,United States
Budget share > 10%,Poverty category,Low income,12.647008626441103,0.49642452059021563,11.67401656608428,13.620000686797926,8972,United States
Budget share > 10%,Poverty category,Near poor,13.6270825125826,0.7430513830897137,12.17070180172676,15.08346322343844,3308,United States
Budget share > 10%,Any chronic condition,No,4.071722398397877,0.2298017233870114,3.621311020559334,4.522133776236418,12852,United States
Budget share > 10%,Any chronic condition,Yes,8.464142927859477,0.18627350426747274,8.09904685949523,8.829238996223724,48595,United States
Budget share > 10%,Elderly member,No,5.4785743464011185,0.16512745620131908,5.154924532246533,5.802224160555705,38841,United States
Budget share > 10%,Elderly member,Yes,11.851319264794128,0.2996174147273417,11.264069131928538,12.438569397659718,22606,United States
Budget share > 25%,Overall,All,2.2509356800803104,0.07964657577448643,2.094828391562317,2.4070429685983035,61447,United States
Budget share > 25%,Insurance status,Insured all year,2.2029333867154803,0.07529408452286941,2.0553569810506565,2.350509792380304,55173,United States
Budget share > 25%,Insurance status,Partly uninsured,2.5214662051174397,0.42420969662831237,1.6900151997259476,3.352917210508932,4282,United States
Budget share > 25%,Insurance status,Uninsured all year,3.001310467896158,0.5584081248148419,1.906830543259068,4.095790392533248,1992,United States
Budget share > 25%,Poverty category,Middle income,1.6694514601565198,0.12004711669592802,1.4341591114325007,1.9047438088805386,17402,United States
Budget share > 25%,Poverty category,Poor/negative,8.424992371638872,0.45134833101613986,7.5403496428472385,9.309635100430508,8427,United States
Budget share > 25%,Poverty category,High income,0.5425758035588985,0.05150860071303359,0.4416189461613526,0.6435326609564443,23338,United States
Budget share > 25%,Poverty category,Low income,3.655639006823014,0.2743240171444517,3.1179639332198885,4.1933140804261395,8972,United States
Budget share > 25%,Poverty category,Near poor,4.574210734333683,0.5136654371001337,3.5674264776174205,5.580994991049945,3308,United States
Budget share > 25%,Any chronic condition,No,1.1617480660158779,0.12325764833110789,0.9201630752869063,1.4033330567448492,12852,United States
Budget share > 25%,Any chronic condition,Yes,2.6030027781089826,0.09704057915224847,2.4128032429705755,2.7932023132473898,48595,United States
Budget share > 25%,Elderly member,No,1.6423825432374555,0.08718105101476359,1.471507683248519,1.8132574032263922,38841,United States
Budget share > 25%,Elderly member,Yes,3.6700736261062628,0.16272911095177325,3.351124568640787,3.9890226835717386,22606,United States
Budget share > 40%,Overall,All,1.1005033411211658,0.05538964279187409,0.9919396412490925,1.209067040993239,61447,United States
Budget share > 40%,Insurance status,Insured all year,1.0632228377450446,0.052179175546748106,0.9609516536734184,1.165494021816671,55173,United States
Budget share > 40%,Insurance status,Partly uninsured,1.4002554118765673,0.3061654234812889,0.800171181853241,2.0003396418998936,4282,United States
Budget share > 40%,Insurance status,Uninsured all year,1.503995467569127,0.4006161095365602,0.7187878928774691,2.2892030422607847,1992,United States
Budget share > 40%,Poverty category,Middle income,0.7051646345327132,0.07969831272584652,0.5489559415900539,0.8613733274753723,17402,United States
Budget share > 40%,Poverty category,Poor/negative,5.0221970253392465,0.36244087611022396,4.3118129081632075,5.7325811425152855,8427,United States
Budget share > 40%,Poverty category,High income,0.22696049695918058,0.03375378965882315,0.1608030692278872,0.293117924690474,23338,United States
Budget share > 40%,Poverty category,Low income,1.482907739499889,0.14992301648223796,1.1890586271947028,1.7767568518050756,8972,United States
Budget share > 40%,Poverty category,Near poor,2.1602259528688683,0.39879964399240725,1.3785786506437503,2.9418732550939866,3308,United States
Budget share > 40%,Any chronic condition,No,0.5219990181296885,0.08810908156943628,0.3493052182535934,0.6946928180057836,12852,United States
Budget share > 40%,Any chronic condition,Yes,1.2874980659625765,0.0666771041816114,1.1568109417666181,1.418185190158535,48595,United States
Budget share > 40%,Elderly member,No,0.8314473643648269,0.06437490376076978,0.7052725529937182,0.9576221757359357,38841,United States
Budget share > 40%,Elderly member,Yes,1.7279383555899117,0.09364862251805295,1.544387055454528,1.9114896557252954,22606,United States
Capacity to pay >= 40%,Overall,All,10.978422323528156,0.25181554758766944,10.484863850256323,11.471980796799988,61447,United States
Capacity to pay >= 40%,Insurance status,Insured all year,10.648208992918535,0.2512561614517272,10.15574691647315,11.14067106936392,55173,United States
Capacity to pay >= 40%,Insurance status,Partly uninsured,14.62683568309386,0.7777944156536384,13.10235862841273,16.151312737774994,4282,United States
Capacity to pay >= 40%,Insurance status,Uninsured all year,12.565840775829622,1.0441362394082336,10.519333746589485,14.612347805069762,1992,United States
Capacity to pay >= 40%,Poverty category,Middle income,1.6376514622953247,0.1188299160555191,1.4047448268265073,1.8705580977641418,17402,United States
Capacity to pay >= 40%,Poverty category,Poor/negative,78.36020315958905,0.6892881069858569,77.00919846989677,79.71120784928132,8427,United States
Capacity to pay >= 40%,Poverty category,High income,0.30962109817248334,0.038994284691908625,0.2331923001763424,0.38604989616862423,23338,United States
Capacity to pay >= 40%,Poverty category,Low income,8.476739688915046,0.3721926769563942,7.747242042080512,9.206237335749579,8972,United States
Capacity to pay >= 40%,Poverty category,Near poor,30.211289085763866,1.0785082978385965,28.097412822000216,32.32516534952751,3308,United States
Capacity to pay >= 40%,Any chronic condition,No,7.832893245711429,0.3373409438070127,7.171704995849685,8.494081495573175,12852,United States
Capacity to pay >= 40%,Any chronic condition,Yes,11.995177637205666,0.28469302313053885,11.437179311869809,12.553175962541522,48595,United States
Capacity to pay >= 40%,Elderly member,No,10.08652248315694,0.2908803220925404,9.51639705185556,10.65664791445832,38841,United States
Capacity to pay >= 40%,Elderly member,Yes,13.058321071716081,0.34343289842420266,12.385192590804643,13.731449552627517,22606,United States
No capacity to pay (at or below the floor),Overall,All,10.184289809606057,0.27356381996637835,9.648104722471954,10.720474896740157,61447,United States
No capacity to pay (at or below the floor),Insurance status,Insured all year,9.541081660313635,0.2650247302063995,9.02163318910909,10.060530131518178,55173,United States
No capacity to pay (at or below the floor),Insurance status,Partly uninsured,15.126282402832306,0.8054176352917037,13.547663837660567,16.704900968004043,4282,United States
No capacity to pay (at or below the floor),Insurance status,Uninsured all year,17.60516470785491,1.2305281734415503,15.193329487909473,20.01699992780035,1992,United States
No capacity to pay (at or below the floor),Poverty category,Middle income,0.0,0.0,0.0,0.0,17402,United States
No capacity to pay (at or below the floor),Poverty category,Poor/negative,100.0,0.0,100.0,100.0,8427,United States
No capacity to pay (at or below the floor),Poverty category,High income,0.0,0.0,0.0,0.0,23338,United States
No capacity to pay (at or below the floor),Poverty category,Low income,0.0,0.0,0.0,0.0,8972,United States
No capacity to pay (at or below the floor),Poverty category,Near poor,0.06487320861896201,0.06489346835283312,-0.062317989352590926,0.19206440659051494,3308,United States
No capacity to pay (at or below the floor),Any chronic condition,No,10.775340471717156,0.43192991038832385,9.92875784735604,11.621923096078271,12852,United States
No capacity to pay (at or below the floor),Any chronic condition,Yes,9.993239628066744,0.29061179873196347,9.423640502552095,10.562838753581392,48595,United States
No capacity to pay (at or below the floor),Elderly member,No,10.876612239090914,0.34014197442442323,10.209933969219046,11.543290508962784,38841,United States
No capacity to pay (at or below the floor),Elderly member,Yes,8.569802970109988,0.28888086746838376,8.003596469871956,9.136009470348021,22606,United States
Budget share > 10%,Overall,All,17.239435500815247,0.8042946088114906,15.663018067544726,18.81585293408577,4685,Nigeria
Budget share > 10%,Sector,Informal,17.544309643147045,0.8489287201766946,15.880409351600724,19.208209934693368,3876,Nigeria
Budget share > 10%,Sector,Formal,15.923821692437922,1.8550343238855473,12.28795441762225,19.559688967253596,809,Nigeria
Budget share > 10%,Consumption quintile,Q4,16.789246712732442,1.5825255360453565,13.687496662083543,19.89099676338134,1016,Nigeria
Budget share > 10%,Consumption quintile,Q5 (richest),18.707252658700153,1.4859583798398062,15.794774234214131,21.61973108318617,1428,Nigeria
Budget share > 10%,Consumption quintile,Q3,17.195013824779025,1.9965555226468943,13.281765000391113,21.10826264916694,834,Nigeria
Budget share > 10%,Consumption quintile,Q1 (poorest),13.898680582132814,1.7485827252376271,10.471458440667064,17.325902723598563,700,Nigeria
Budget share > 10%,Consumption quintile,Q2,17.490367031769424,1.9467081196882052,13.674819117180542,21.305914946358307,707,Nigeria
Budget share > 10%,Insurance status,Uninsured,17.257281430696256,0.7878005370995856,15.713192377981066,18.801370483411446,4583,Nigeria
Budget share > 10%,Insurance status,Insured,16.354282960783223,6.549869178546327,3.5165393708324224,29.192026550734024,102,Nigeria
Budget share > 10%,Residence,Urban,16.232621127018703,1.4129381587293768,13.463262335909127,19.00197991812828,1480,Nigeria
Budget share > 10%,Residence,Rural,17.887020904288775,0.9994795631018084,15.92804096060923,19.84600084796832,3205,Nigeria
Budget share > 25%,Overall,All,5.008380906831349,0.4820142453699979,4.063632985906153,5.9531288277565455,4685,Nigeria
Budget share > 25%,Sector,Informal,5.334724092516394,0.5386203116998197,4.279028281584748,6.390419903448041,3876,Nigeria
Budget share > 25%,Sector,Formal,3.6001224101503366,0.8949675495371552,1.8459860130575125,5.35425880724316,809,Nigeria
Budget share > 25%,Consumption quintile,Q4,4.6562387605197975,0.8834605090831806,2.9246561627167638,6.387821358322832,1016,Nigeria
Budget share > 25%,Consumption quintile,Q5 (richest),6.6799503696387745,0.9425982601349611,4.832457779774252,8.527442959503299,1428,Nigeria
Budget share > 25%,Consumption quintile,Q3,2.9619437872214083,0.661953094948457,1.6645157211224326,4.259371853320385,834,Nigeria
Budget share > 25%,Consumption quintile,Q1 (poorest),4.500571174620742,1.0640529028183283,2.4150274850968185,6.586114864144665,700,Nigeria
Budget share > 25%,Consumption quintile,Q2,4.460504066578992,1.3101321906279166,1.8926449729482753,7.028363160209709,707,Nigeria
Budget share > 25%,Insurance status,Uninsured,4.911993267227863,0.45680108670117425,4.016663137293561,5.807323397162165,4583,Nigeria
Budget share > 25%,Insurance status,Insured,9.78917768187154,6.1705030744268745,-2.305008344005134,21.883363707748217,102,Nigeria
Budget share > 25%,Residence,Urban,3.6597905513199214,0.6549294159983353,2.376128895963184,4.943452206676659,1480,Nigeria
Budget share > 25%,Residence,Rural,5.87579743585962,0.6682919054964243,4.565945301086629,7.185649570632611,3205,Nigeria
Budget share > 40%,Overall,All,1.5606091311959693,0.24642976753055795,1.077606786836076,2.043611475555863,4685,Nigeria
Budget share > 40%,Sector,Informal,1.8279332763414429,0.30055533871935625,1.2388448124515044,2.417021740231381,3876,Nigeria
Budget share > 40%,Sector,Formal,0.40703364599363484,0.20717355529954332,0.0009734776065299655,0.8130938143807397,809,Nigeria
Budget share > 40%,Consumption quintile,Q4,0.36312198832072123,0.16377996412282883,0.04211325863997675,0.6841307180014657,1016,Nigeria
Budget share > 40%,Consumption quintile,Q5 (richest),3.203755861944889,0.6492841911911361,1.931158847210262,4.476352876679515,1428,Nigeria
Budget share > 40%,Consumption quintile,Q3,0.5284155937474331,0.27004446388815423,-0.0008715554733492933,1.0577027429682153,834,Nigeria
Budget share > 40%,Consumption quintile,Q1 (poorest),1.1566126849069271,0.4336470647603461,0.3066644379766488,2.0065609318372055,700,Nigeria
Budget share > 40%,Consumption quintile,Q2,1.0817046143003506,0.6054935920144544,-0.10506282604798006,2.268472054648681,707,Nigeria
Budget share > 40%,Insurance status,Uninsured,1.5880466324011109,0.2516475631333042,1.0948174086598346,2.0812758561423874,4583,Nigeria
Budget share > 40%,Insurance status,Insured,0.19971765365469474,0.20261811732335414,-0.1974138562990794,0.5968491636084688,102,Nigeria
Budget share > 40%,Residence,Urban,1.1898288680746112,0.3929516199504341,0.41964369297176035,1.9600140431774622,1480,Nigeria
Budget share > 40%,Residence,Rural,1.7990958796400127,0.3150501012922201,1.1815976811072615,2.416594078172764,3205,Nigeria
Capacity to pay >= 40%,Overall,All,39.511963743438926,1.2001229249002507,37.159722810634435,41.86420467624342,4685,Nigeria
Capacity to pay >= 40%,Sector,Informal,40.7977287580623,1.2950692215071724,38.25939308390824,43.33606443221636,3876,Nigeria
Capacity to pay >= 40%,Sector,Formal,33.96354236985444,2.475677361799816,29.111214740726798,38.81586999898208,809,Nigeria
Capacity to pay >= 40%,Consumption quintile,Q4,38.099567847381024,2.196438597604522,33.79454819607616,42.404587498685885,1016,Nigeria
Capacity to pay >= 40%,Consumption quintile,Q5 (richest),8.299773587717215,0.9204640563586879,6.495664037254187,10.103883138180244,1428,Nigeria
Capacity to pay >= 40%,Consumption quintile,Q3,68.17855917049526,2.5114856587064582,63.2560472794306,73.10107106155992,834,Nigeria
Capacity to pay >= 40%,Consumption quintile,Q1 (poorest),56.59500110794078,2.8520447757024616,51.00499334756395,62.1850088683176,700,Nigeria
Capacity to pay >= 40%,Consumption quintile,Q2,67.61363393845001,2.34146540878508,63.02436173723126,72.20290613966877,707,Nigeria
Capacity to pay >= 40%,Insurance status,Uninsured,39.735811956818935,1.202019417589279,37.379853898343946,42.091770015293925,4583,Nigeria
Capacity to pay >= 40%,Insurance status,Insured,28.409162377744014,8.329200318840051,12.08392975281751,44.73439500267051,102,Nigeria
Capacity to pay >= 40%,Residence,Urban,33.55157973725822,2.0758942057059633,29.482827094074533,37.62033238044191,1480,Nigeria
Capacity to pay >= 40%,Residence,Rural,43.34569693394228,1.6199427094487553,40.17060922342272,46.52078464446184,3205,Nigeria
No capacity to pay (at or below the floor),Overall,All,49.8718607295241,1.3393921502973698,47.24665211494125,52.49706934410694,4685,Nigeria
No capacity to pay (at or below the floor),Sector,Informal,52.5756316568199,1.366502719338768,49.89728632691591,55.253976986723885,3876,Nigeria
No capacity to pay (at or below the floor),Sector,Formal,38.204362989527965,2.583725434982632,33.140261136962,43.26846484209392,809,Nigeria
No capacity to pay (at or below the floor),Consumption quintile,Q4,27.875928083310725,1.9909509427224414,23.97366423557474,31.778191931046713,1016,Nigeria
No capacity to pay (at or below the floor),Consumption quintile,Q5 (richest),0.0,0.0,0.0,0.0,1428,Nigeria
No capacity to pay (at or below the floor),Consumption quintile,Q3,100.0,0.0,100.0,100.0,834,Nigeria
No capacity to pay (at or below the floor),Consumption quintile,Q1 (poorest),100.0,0.0,100.0,100.0,700,Nigeria
No capacity to pay (at or below the floor),Consumption quintile,Q2,100.0,0.0,100.0,100.0,707,Nigeria
No capacity to pay (at or below the floor),Insurance status,Uninsured,50.38391906314376,1.348298980784167,47.741253060806784,53.026585065480724,4583,Nigeria
No capacity to pay (at or below the floor),Insurance status,Insured,24.47392754979309,6.245180318483388,12.23337412556565,36.71448097402053,102,Nigeria
No capacity to pay (at or below the floor),Residence,Urban,38.927524510164616,2.530874689731703,33.967010118290474,43.88803890203875,1480,Nigeria
No capacity to pay (at or below the floor),Residence,Rural,56.91128385539618,1.7589286107822442,53.46378377826297,60.35878393252938,3205,Nigeria
